Intervention,Issue Statement (from App LoopHoleText),Flag,Notes / Source
Providing assistive devices to PWDs,Beneficiary not selected based on eligibility criteria,Red,Eligibility gate
Providing assistive devices to PWDs,Medical/functional assessment not done to confirm disability type,Amber,
Providing assistive devices to PWDs,Right device not identified/recommended by a qualified professional,Red,Core quality
Providing assistive devices to PWDs,Consent from beneficiary/family not obtained,Amber,
Providing assistive devices to PWDs,Device not handed over with acknowledgement,Amber,Process gap
Providing assistive devices to PWDs,Training/orientation not provided on device use,Red,
Providing assistive devices to PWDs,Warranty/guarantee card not provided,Amber,
Providing assistive devices to PWDs,Device not new or in good condition,Amber,
Providing assistive devices to PWDs,"Device not suitable for age, size, or disability type",Amber,
Providing assistive devices to PWDs,Device not functioning as intended,Red,Usability failure
Providing assistive devices to PWDs,Defects or adjustments needed,Red,YES = problem
Providing assistive devices to PWDs,Device not used regularly,Amber,
Providing assistive devices to PWDs,Device not improving independence,Amber,
Providing assistive devices to PWDs,Family not supportive in assisting usage,Amber,
Providing assistive devices to PWDs,Beneficiary cannot safely operate device,Red,Safety
Providing assistive devices to PWDs,Device not accessible at home/school/workplace,Amber,
Providing assistive devices to PWDs,Beneficiary unaware of repair/maintenance services,Amber,
Providing assistive devices to PWDs,Maintenance not affordable,Amber,
Providing assistive devices to PWDs,No improvement in participation observed,Amber,
Providing assistive devices to PWDs,Beneficiary/family not satisfied,Amber,
Providing assistive devices to PWDs,Challenges reported with device,Amber,YES = problem
Provide material support for youth enterprise development,No eligible youth,Red,
Provide material support for youth enterprise development,No training completed,Red,
Provide material support for youth enterprise development,No certification,Amber,
Provide material support for youth enterprise development,No skills shown,Red,
Provide material support for youth enterprise development,Youth not motivated,Red,
Provide material support for youth enterprise development,No business plan,Red,
Provide material support for youth enterprise development,No contribution,Amber,
Provide material support for youth enterprise development,No materials delivered,Red,
Provide material support for youth enterprise development,Materials not functional,Red,
Provide material support for youth enterprise development,Materials inappropriate,Red,
Provide material support for youth enterprise development,No warranty,Amber,
Provide material support for youth enterprise development,No insurance,Amber,
Provide material support for youth enterprise development,Youth not using materials,Red,
Provide material support for youth enterprise development,No days increase,Amber,
Provide material support for youth enterprise development,No customer attraction,Red,
Provide material support for youth enterprise development,No skills applied,Red,
Provide material support for youth enterprise development,No production boost,Amber,
Provide material support for youth enterprise development,No financial records,Amber,
Provide material support for youth enterprise development,No savings,Amber,
Provide material support for youth enterprise development,No service links,Amber,
Provide material support for youth enterprise development,Not sustainable,Amber,
Provide material support for youth enterprise development,No growth plan,Amber,
Provide material support for youth enterprise development,Current monthly profit is less than LKR 10000,Red,
Provide material support for youth enterprise development,Monthly profit is less than 10000,Red,Viability threshold
Provide material support for youth enterprise development,No income reinvested,Amber,
Provide material support for youth enterprise development,No family support,Amber,
Provide material support for youth enterprise development,Challenges reported,Amber,YES = problem
Career guidance for youth,No resource doc,Amber,
Career guidance for youth,No GM approval,Red,
Career guidance for youth,Resource person not experienced,Red,
Career guidance for youth,No date shared,Amber,
Career guidance for youth,Venue not accessible,Red,
Career guidance for youth,Session not timely,Amber,
Career guidance for youth,No local language,Red,
Career guidance for youth,No materials distributed,Amber,
Career guidance for youth,Materials irrelevant,Red,
Career guidance for youth,No interactive methods,Amber,
Career guidance for youth,Target not achieved,Red,
Career guidance for youth,Unequal gender balance,Amber,
Career guidance for youth,No marginalized inclusion,Amber,
Career guidance for youth,No youth engagement,Amber,
Career guidance for youth,No career test,Amber,
Career guidance for youth,No test explanation,Amber,
Career guidance for youth,No awareness gain,Red,Primary outcome
Career guidance for youth,No confidence gain,Amber,
Career guidance for youth,No youth linked,Amber,
Career guidance for youth,No follow-up plan,Amber,
Vocational/professional/ soft skill development of youth,No eligible beneficiaries,Red,
Vocational/professional/ soft skill development of youth,Course irrelevant,Red,
Vocational/professional/ soft skill development of youth,No orientation,Amber,
Vocational/professional/ soft skill development of youth,No agreement signed,Red,
Vocational/professional/ soft skill development of youth,No scholarship info,Amber,
Vocational/professional/ soft skill development of youth,No scholarship disbursed,Red,
Vocational/professional/ soft skill development of youth,No payment ack,Amber,
Vocational/professional/ soft skill development of youth,Funds not utilized,Red,
Vocational/professional/ soft skill development of youth,Funds misused,Red,YES = problem
Vocational/professional/ soft skill development of youth,No fee confirmation,Red,
Vocational/professional/ soft skill development of youth,Low attendance,Red,≥75% threshold
Vocational/professional/ soft skill development of youth,No attendance records,Amber,
Vocational/professional/ soft skill development of youth,No youth engagement,Amber,
Vocational/professional/ soft skill development of youth,Course not completed,Red,
Vocational/professional/ soft skill development of youth,No certificate issued,Red,
Vocational/professional/ soft skill development of youth,No employment,Amber,
Vocational/professional/ soft skill development of youth,No skill contribution,Amber,
Vocational/professional/ soft skill development of youth,No market links,Amber,
Vocational/professional/ soft skill development of youth,Challenges reported,Amber,YES = problem
Construction of new houses / Renovation of houses,Not selected based on criteria,Red,
Construction of new houses / Renovation of houses,No signed agreement,Amber,
Construction of new houses / Renovation of houses,Site not approved/safe,Red,
Construction of new houses / Renovation of houses,Contribution not provided,Amber,
Construction of new houses / Renovation of houses,Construction below standard,Red,Foundation/walls/roof
Construction of new houses / Renovation of houses,Doors/windows not fixed properly,Red,
Construction of new houses / Renovation of houses,Plastering/flooring incomplete,Amber,
Construction of new houses / Renovation of houses,Poor ventilation/lighting,Red,
Construction of new houses / Renovation of houses,Family not residing,Red,
Construction of new houses / Renovation of houses,Unsafe during rains,Red,
Construction of new houses / Renovation of houses,House not spacious enough,Amber,
Construction of new houses / Renovation of houses,Unsafe wiring/fittings,Amber,
Construction of new houses / Renovation of houses,Not aware of maintenance,Amber,
Construction of new houses / Renovation of houses,Cannot afford repairs,Amber,
Construction of new houses / Renovation of houses,No wellbeing improvement,Amber,
Construction of new houses / Renovation of houses,Not satisfied with support,Amber,
Construction of new houses / Renovation of houses,Complaints reported,Amber,YES = problem
Material support to improve learning environment of schools,No teacher consultation,Amber,
Material support to improve learning environment of schools,Materials misaligned,Red,Core relevance
Material support to improve learning environment of schools,Procurement not standard,Amber,
Material support to improve learning environment of schools,Materials not delivered,Red,
Material support to improve learning environment of schools,Delivery not acknowledged,Amber,
Material support to improve learning environment of schools,Materials not good,Red,
Material support to improve learning environment of schools,Materials unsuitable,Red,
Material support to improve learning environment of schools,Materials unsafe,Red,
Material support to improve learning environment of schools,Installation not functional,Red,
Material support to improve learning environment of schools,Quantity insufficient,Amber,
Material support to improve learning environment of schools,Teachers not trained,Amber,
Material support to improve learning environment of schools,Teachers not using,Amber,
Material support to improve learning environment of schools,No student access,Amber,
Material support to improve learning environment of schools,Unequal gender access,Amber,
Material support to improve learning environment of schools,No disability access,Amber,
Material support to improve learning environment of schools,No lesson improvement,Amber,
Material support to improve learning environment of schools,No learning gain,Amber,
Material support to improve learning environment of schools,No attendance boost,Amber,
Material support to improve learning environment of schools,No skill gain,Amber,
Material support to improve learning environment of schools,No maintenance plan,Amber,
Material support to improve learning environment of schools,Repairs not done,Amber,
Material support to improve learning environment of schools,No replacement plan,Amber,
Material support to improve learning environment of schools,No secure storage,Amber,
Material support to improve learning environment of schools,No management accountability,Amber,
Seminars/extra classes for school children,No schedule approval,Amber,
Seminars/extra classes for school children,No topic identified,Amber,
Seminars/extra classes for school children,No qualified teacher,Red,
Seminars/extra classes for school children,No materials prepared,Amber,
Seminars/extra classes for school children,Session not timely conducted,Amber,
Seminars/extra classes for school children,No materials distributed,Amber,
Seminars/extra classes for school children,Students not attended,Red,If severely low
Seminars/extra classes for school children,Low participation,Amber,
Seminars/extra classes for school children,Unequal gender balance,Amber,
Seminars/extra classes for school children,No teacher report,Amber,
Seminars/extra classes for school children,Students not satisfied,Amber,
Seminars/extra classes for school children,No feedback collected,Amber,
Seminars/extra classes for school children,Sessions not regular,Amber,
Seminars/extra classes for school children,No follow-up,Amber,
Seminars/extra classes for school children,No management support,Amber,
Seminars/extra classes for school children,Challenges reported,Amber,YES = problem
Support school infrastructure development,No needs assessment,Amber,
Support school infrastructure development,Design not approved,Red,
Support school infrastructure development,Site not consulted,Amber,
Support school infrastructure development,No agreement signed,Amber,
Support school infrastructure development,Construction off schedule,Amber,
Support school infrastructure development,Standards not met,Red,
Support school infrastructure development,Materials not verified,Amber,
Support school infrastructure development,No final inspection,Amber,
Support school infrastructure development,Facility not in use,Red,
Support school infrastructure development,No teaching support,Amber,
Support school infrastructure development,No student comfort,Amber,
Support school infrastructure development,Facility unsafe,Red,
Support school infrastructure development,Facility not accessible,Red,
Material support for group-based livelihood development,Roles/responsibilities not documented,Amber,
Material support for group-based livelihood development,Agreement not signed with organization,Red,
Material support for group-based livelihood development,Group not oriented on material use,Amber,
Material support for group-based livelihood development,Materials not delivered as agreed,Red,
Material support for group-based livelihood development,Materials not in good condition at delivery,Red,
Material support for group-based livelihood development,Materials not suitable for livelihood type,Red,
Material support for group-based livelihood development,Warranty documents not handed over,Amber,
Material support for group-based livelihood development,Insurance not taken,Amber,
Material support for group-based livelihood development,Equipment not in regular use,Red,
Material support for group-based livelihood development,Maintenance plan not in place,Amber,
Material support for group-based livelihood development,Maintenance fees not collected,Amber,
Material support for group-based livelihood development,Proper storage not available,Amber,
Material support for group-based livelihood development,Production not increased after support,Amber,
Material support for group-based livelihood development,Group not meeting customer demand,Amber,
Material support for group-based livelihood development,Income/profit not increased,Amber,
Material support for group-based livelihood development,Market linkages not strengthened,Amber,
Material support for group-based livelihood development,Records not maintained,Amber,
Material support for group-based livelihood development,Members not satisfied with support,Amber,
Material support for group-based livelihood development,Group cohesion not improved,Amber,
Material support for group-based livelihood development,Savings fund not formed/strengthened,Amber,
Material support for group-based livelihood development,Support not improved income/wellbeing,Amber,
Material support for group-based livelihood development,Challenges reported,Amber,YES = problem
Material support for family-based livelihood development,Not selected via livelihood assessment,Red,
Material support for family-based livelihood development,No approved livelihood plan,Red,
Material support for family-based livelihood development,Not trained/oriented on provided materials,Amber,
Material support for family-based livelihood development,Beneficiary contribution not provided,Amber,
Material support for family-based livelihood development,Materials not delivered as agreed,Red,
Material support for family-based livelihood development,Materials not in good/working condition,Red,
Material support for family-based livelihood development,Materials not suitable for livelihood,Red,
Material support for family-based livelihood development,Current monthly profit is less than LKR 10000,Red,
Material support for family-based livelihood development,Insurance not provided (if applicable),Amber,
Material support for family-based livelihood development,Warranty card not received (if applicable),Amber,
Material support for family-based livelihood development,Materials not in use,Red,
Material support for family-based livelihood development,Insufficient knowledge to operate materials,Red,
Material support for family-based livelihood development,Working/business days not increased,Amber,
Material support for family-based livelihood development,Production/output not improved,Amber,
Material support for family-based livelihood development,Income not increased,Amber,
Material support for family-based livelihood development,Family not engaged in livelihood,Amber,
Material support for family-based livelihood development,No record keeping practiced,Amber,
Material support for family-based livelihood development,No savings generated,Amber,
Material support for family-based livelihood development,Current monthly profit is less than LKR 10000,Red,
Material support for family-based livelihood development,Insurance not renewed (if applicable),Amber,
Material support for family-based livelihood development,No loans/financial linkages made,Amber,
Material support for family-based livelihood development,Livelihood not yet sustainable,Amber,
Material support for family-based livelihood development,Low motivation/commitment to continue,Red,
Material support for family-based livelihood development,Family wellbeing not improved,Amber,
Material support for family-based livelihood development,No community/market linkages,Amber,
Material support for family-based livelihood development,Monthly profit is less than 10000,Red,Viability threshold
Material support for family-based livelihood development,Challenges or risks observed,Amber,YES = problem
Construction of toilets,Not selected by criteria,Red,
Construction of toilets,No signed agreement,Amber,
Construction of toilets,Site not approved/safe,Red,
Construction of toilets,Contribution not provided,Amber,
Construction of toilets,Construction below standard,Red,
Construction of toilets,Pit/tank not built properly,Red,
Construction of toilets,Pipes not fitted properly,Red,
Construction of toilets,Ventilation pipe missing,Red,
Construction of toilets,No water access ensured,Red,
Construction of toilets,Toilet not in regular use,Red,
Construction of toilets,Not safe for kids/elderly/PWDs,Red,Safety/inclusion
Construction of toilets,Cleanliness not maintained,Amber,
Construction of toilets,Cracks or leakages seen,Red,
Construction of toilets,Cannot afford repairs,Amber,
Construction of toilets,No wellbeing improvement,Amber,
Construction of toilets,Not satisfied with support,Amber,
Construction of toilets,Complaints reported,Amber,YES = problem
Financial support for obtaining NWSDB water connections,Beneficiary not meeting approved poverty/eligibility criteria,Red,
Financial support for obtaining NWSDB water connections,elderly unable to access water easily,Red,
Financial support for obtaining NWSDB water connections,Household had a prior safe water connection,Amber,Targeting
Financial support for obtaining NWSDB water connections,Beneficiary did not contribute agreed portion of costs,Amber,
Financial support for obtaining NWSDB water connections,Documentation not submitted to BDS/NWSDB,Amber,
Financial support for obtaining NWSDB water connections,Application to NWSDB not submitted on time,Amber,
Financial support for obtaining NWSDB water connections,Application fee/beneficiary contribution not paid,Amber,
Financial support for obtaining NWSDB water connections,NWSDB inspection not completed,Amber,
Financial support for obtaining NWSDB water connections,NWSDB approval not obtained,Red,
Financial support for obtaining NWSDB water connections,Delays in processing observed,Amber,YES = problem
Financial support for obtaining NWSDB water connections,Connection not installed within agreed timeframe,Red,
Financial support for obtaining NWSDB water connections,Pipe fitting and meter not fixed to standard,Red,
Financial support for obtaining NWSDB water connections,Water supply pressure and quality not adequate,Red,
Financial support for obtaining NWSDB water connections,Location of connection not safe or accessible,Red,
Financial support for obtaining NWSDB water connections,Leakages or defects observed after installation,Red,YES = problem
Financial support for obtaining NWSDB water connections,Household not using water connection regularly,Amber,
Financial support for obtaining NWSDB water connections,"Women, children, elderly unable to access water easily",Red,
Financial support for obtaining NWSDB water connections,Previous unsafe/unhygienic water sources still used,Amber,
Financial support for obtaining NWSDB water connections,Household not satisfied with the service,Amber,
Financial support for obtaining NWSDB water connections,Household unaware of monthly water bill and payment process,Amber,
Financial support for obtaining NWSDB water connections,Beneficiary unable to pay monthly bill without financial stress,Amber,
Financial support for obtaining NWSDB water connections,Household unaware of complaint/repair mechanism with NWSDB,Amber,
Financial support for obtaining NWSDB water connections,Complaints or service interruptions since installation,Amber,YES = problem
Capacity building training/awareness sessions,Training module not prepared,Red,
Capacity building training/awareness sessions,Module content not relevant to project context,Red,
Capacity building training/awareness sessions,Module not shared with GM/relevant staff,Red,
Capacity building training/awareness sessions,Staff did not review/comment before training,Red,
Capacity building training/awareness sessions,Staff not aware of module content,Amber,
Capacity building training/awareness sessions,GM/RM approval not obtained for resource person,Red,
Capacity building training/awareness sessions,Resource person lacks relevant experience,Red,
Capacity building training/awareness sessions,Relevant staff did not attend,Red,
Capacity building training/awareness sessions,Staff inattentive during training,Amber,
Capacity building training/awareness sessions,Beneficiaries not informed in advance,Amber,
Capacity building training/awareness sessions,Right audience not present,Red,
Capacity building training/awareness sessions,Youth participation inadequate,Amber,
Capacity building training/awareness sessions,Female participation inadequate,Amber,
Capacity building training/awareness sessions,Not gender-sensitive,Amber,
Capacity building training/awareness sessions,Training not in local language,Red,
Capacity building training/awareness sessions,Translation not provided for non-locals,Red,
Capacity building training/awareness sessions,Sign language not arranged,Amber,
Capacity building training/awareness sessions,Adult training methods not used,Amber,
Capacity building training/awareness sessions,Reading materials not distributed,Amber,
Capacity building training/awareness sessions,Materials not in local language,Amber,
Capacity building training/awareness sessions,Feedback not collected,Amber,
Capacity building training/awareness sessions,Post-training plan missing,Amber,
Capacity building training/awareness sessions,Post-training plan not executed,Amber,
Capacity building training/awareness sessions,Knowledge not shared with others,Amber,
MenCare,Module not prepared/aligned with curriculum,Red,
MenCare,Module not adapted to local context,Amber,
MenCare,Resource person lacks experience,Red,
MenCare,Approval for resource person not obtained,Red,
MenCare,Staff did not review module before training,Amber,
MenCare,Target participants did not attend as planned,Red,
MenCare,Participant turnout below 70%,Amber,<50% would be Red
MenCare,Women/youth not engaged where relevant,Amber,
MenCare,Vulnerable groups not included,Amber,
MenCare,Training not conducted in local language,Red,
MenCare,Adult learning methods not applied,Amber,
MenCare,Gender-sensitive approach not emphasized,Amber,
MenCare,Participants inattentive or disengaged,Amber,
MenCare,Reading/IEC materials not distributed,Amber,
MenCare,Participants did not grasp key concepts,Amber,
MenCare,Participants not committed to caregiving roles,Amber,
MenCare,Feedback not collected,Amber,
Financial support for CSO/Youth club actions,CSO/Youth club not registered,Red,
Financial support for CSO/Youth club actions,No active committee or leadership,Red,
Financial support for CSO/Youth club actions,Action plan not approved,Red,
Financial support for CSO/Youth club actions,Budget not aligned with activities,Amber,
Financial support for CSO/Youth club actions,Financial records not maintained,Amber,
Financial support for CSO/Youth club actions,Misuse/delay of funds found,Red,YES = problem
Financial support for CSO/Youth club actions,Activities not on schedule,Amber,
Financial support for CSO/Youth club actions,No supporting evidence available,Amber,
Financial support for CSO/Youth club actions,Challenges or risks reported,Amber,YES = problem
"Mobile camps (health, basic doc, epf/etf etc.)",Camp objectives not defined and approved,Red,
"Mobile camps (health, basic doc, epf/etf etc.)",Relevant government/service institutions not involved,Amber,
"Mobile camps (health, basic doc, epf/etf etc.)",Venue not accessible to target community,Red,
"Mobile camps (health, basic doc, epf/etf etc.)",Community not informed at least 3–5 days in advance,Amber,
"Mobile camps (health, basic doc, epf/etf etc.)","Adequate logistics not arranged (tents, seating, drinking water, toilets)",Amber,
"Mobile camps (health, basic doc, epf/etf etc.)","Required professionals not present (e.g., doctors, NWSDB officers, labour dept, etc.)",Red,
"Mobile camps (health, basic doc, epf/etf etc.)",Necessary equipment and materials not available,Red,
"Mobile camps (health, basic doc, epf/etf etc.)",Services not started and ended on time,Amber,
"Mobile camps (health, basic doc, epf/etf etc.)",Queuing system and crowd management not organized,Amber,
"Mobile camps (health, basic doc, epf/etf etc.)",Data/documentation system not followed (records of services provided),Amber,
"Mobile camps (health, basic doc, epf/etf etc.)",Target beneficiaries not participated,Red,
"Mobile camps (health, basic doc, epf/etf etc.)",Sufficient number of participants not attended (compare to plan),Amber,
Construction of waste disposal systems,Site not approved by authority/community,Red,
Construction of waste disposal systems,Design not per standards,Red,
Construction of waste disposal systems,Community not consulted,Amber,
Construction of waste disposal systems,No signed agreement on use/maintenance,Amber,
Construction of waste disposal systems,Work not done on time,Amber,
Construction of waste disposal systems,Low-quality materials used,Red,
Construction of waste disposal systems,Pit/tank size not standard,Red,
Construction of waste disposal systems,Roof/cover not provided,Amber,
Construction of waste disposal systems,System not working,Red,
Construction of waste disposal systems,System not used regularly,Amber,
Construction of waste disposal systems,Unsafe/inconvenient access path,Amber,
Construction of waste disposal systems,Unsafe dumping not reduced,Amber,
Construction of waste disposal systems,Users not trained properly,Amber,
Construction of waste disposal systems,Leaks or cracks observed,Red,
Construction of waste disposal systems,Too close to water source,Red,Contamination risk
Construction of waste disposal systems,Bad odour or pests present,Amber,
Construction of waste disposal systems,No waste segregation practiced,Amber,
Construction of waste disposal systems,Composting not functional,Amber,
Construction of waste disposal systems,Users unaware of maintenance,Amber,
Construction of waste disposal systems,No one assigned for upkeep,Amber,
Construction of waste disposal systems,Minor repairs not done,Amber,
Construction of waste disposal systems,Community not satisfied,Amber,
Construction of waste disposal systems,Complaints reported,Amber,YES = problem
Health infrastructure development,Design not approved by health authorities (MOH/RDHS),Red,
Health infrastructure development,Location not consulted with community/local health office,Amber,
Health infrastructure development,Design not meeting MOH standards,Red,
Health infrastructure development,Environmental/safety clearance not obtained,Red,
Health infrastructure development,Community not informed or roles unclear,Amber,
Health infrastructure development,Construction not on schedule,Amber,
Health infrastructure development,Foundation/walls/roofing/plastering below standards,Red,
Health infrastructure development,Material quality not verified,Amber,
Health infrastructure development,Facility not operational,Red,
Health infrastructure development,Not accessible to women/children/elderly/PWDs,Red,
Health infrastructure development,Handover to health authorities incomplete,Amber,
Health infrastructure development,No maintenance plan,Amber,
Health infrastructure development,No responsible officer/committee,Amber,
Health infrastructure development,Community not satisfied,Amber,
Health infrastructure development,Challenges reported,Amber,YES = problem
Livelihood infrastructure development,Needs not assessed,Amber,
Livelihood infrastructure development,Design not approved,Red,
Livelihood infrastructure development,Site not consulted,Amber,
Livelihood infrastructure development,Agreement not signed,Amber,
Livelihood infrastructure development,Contribution not provided,Amber,
Livelihood infrastructure development,Construction off schedule,Amber,
Livelihood infrastructure development,Standards not met,Red,
Livelihood infrastructure development,Materials not verified,Amber,
Livelihood infrastructure development,Safety not considered,Red,
Livelihood infrastructure development,Inspection not done,Amber,
Livelihood infrastructure development,Not in use,Red,
Livelihood infrastructure development,No beneficiaries accessing,Red,
Livelihood infrastructure development,No capacity improvement,Amber,
Livelihood infrastructure development,Target groups not accessing,Amber,
Livelihood infrastructure development,Facility not accessible,Red,
Livelihood infrastructure development,No management committee,Amber,
Livelihood infrastructure development,No usage rules,Amber,
Livelihood infrastructure development,No maintenance fund,Amber,
Livelihood infrastructure development,Repairs not done,Amber,
Livelihood infrastructure development,No records kept,Amber,
Livelihood infrastructure development,No livelihood improvement,Amber,
Livelihood infrastructure development,No production increase,Amber,
Livelihood infrastructure development,No market access,Amber,
Livelihood infrastructure development,Community not satisfied,Amber,
Livelihood infrastructure development,Challenges reported,Amber,YES = problem
Support extra curricular activities of schools,No needs assessment,Amber,
Support extra curricular activities of schools,No activity plan,Amber,
Support extra curricular activities of schools,No resources provided,Red,
Support extra curricular activities of schools,No qualified coach,Red,
Support extra curricular activities of schools,No schedule shared,Amber,
Support extra curricular activities of schools,Activities off schedule,Amber,
Support extra curricular activities of schools,Low participation,Amber,
Support extra curricular activities of schools,Unequal gender balance,Amber,
Support extra curricular activities of schools,No student engagement,Amber,
Support extra curricular activities of schools,Equipment not good,Amber,
Support extra curricular activities of schools,Equipment irrelevant,Amber,
Support extra curricular activities of schools,No student training,Amber,
Support extra curricular activities of schools,No safety measures,Red,
Support extra curricular activities of schools,Facilities inadequate,Amber,
Support extra curricular activities of schools,No new skills,Amber,
Support extra curricular activities of schools,No teamwork gain,Amber,
Support extra curricular activities of schools,No showcase opportunities,Amber,
Support extra curricular activities of schools,No positive changes,Amber,
Support extra curricular activities of schools,Students not satisfied,Amber,
Support extra curricular activities of schools,Activities not regular,Amber,
Support extra curricular activities of schools,No management support,Amber,
Support extra curricular activities of schools,No maintenance,Amber,
Support extra curricular activities of schools,No external links,Amber,
Support extra curricular activities of schools,Challenges reported,Amber,YES = problem
Providing business development services to family-based livelihoods,Beneficiary not selected as per livelihood needs,Red,
Providing business development services to family-based livelihoods,Beneficiary/family missed BDS sessions,Amber,
Providing business development services to family-based livelihoods,Did not attend market/insurance awareness,Amber,
Providing business development services to family-based livelihoods,Key family members not involved,Amber,
Providing business development services to family-based livelihoods,Training not relevant to livelihood,Red,
Providing business development services to family-based livelihoods,Training not in local language,Red,
Providing business development services to family-based livelihoods,Training lacked practical methods,Amber,
Providing business development services to family-based livelihoods,Key concepts not understood,Amber,
Providing business development services to family-based livelihoods,No written/IEC materials received,Amber,
Providing business development services to family-based livelihoods,No improvement in confidence/skills,Amber,
Renovation / Construction of new water projects,Water consumer society not formed,Red,
Renovation / Construction of new water projects,Trainings did not deliver required maintenance knowledge,Amber,
Renovation / Construction of new water projects,Comments on inadequate training (free text),Amber,Free-text field
Renovation / Construction of new water projects,Construction will not eliminate current constraints,Red,
Renovation / Construction of new water projects,Reasons construction won't eliminate constraints (free text),Red,Free-text field
Renovation / Construction of new water projects,Construction not done as per plan,Red,
Renovation / Construction of new water projects,Construction defects observed,Red,YES = problem
Renovation / Construction of new water projects,Negative changes occurred due to the project,Red,YES = problem
